,CustomerId,CLV,MonthlySpend,TenureMonths
count,1000.0,1000.0,1000.0,1000.0
mean,500.5,31584.421536193186,551.3281834461853,57.854
std,288.8194360957494,34627.814751252816,207.8499923145494,58.3629756002975
min,1.0,-7310.451335427055,-88.07772693285608,0.0
25%,250.75,7129.237745251923,415.66377030150727,15.75
50%,500.5,19939.753340703268,548.1192431781886,41.0
75%,750.25,42653.09400442433,690.6030463448772,81.25
max,1000.0,222093.41336460257,1224.6350281657612,490.0
